User Id,First Name,Last Name,Sex,Email,Phone,Date of birth,Job Title
88F7B33d2bcf9f5,Shelby,Terrell,Male,elijah57@example.net,8664100458,10/26/45,Games developer
f90cD3E76f1A9b9,Phillip,Summers,Female,bethany14@example.com,6198407262,3/24/10,Phytotherapist
DbeAb8CcdfeFC2c,Kristine,Travis,Male,bthompson@example.com,6266919090,7/2/92,Homeopath
A31Bee3c201ef58,Yesenia,Martinez,Male,kaitlinkaiser@example.com,8772188361,8/3/17,Market researcher
1bA7A3dc874da3c,Lori,Todd,Male,buchananmanuel@example.net,8777056767,12/1/38,Veterinary surgeon
bfDD7CDEF5D865B,Erin,Day,Male,tconner@example.org,5418263147,10/28/15,Waste management officer
bE9EEf34cB72AF7,Katherine,Buck,Female,conniecowan@example.com,4849388231,1/22/89,Intelligence analyst
2EFC6A4e77FaEaC,Ricardo,Hinton,Male,wyattbishop@example.com,6015530515,3/26/24,Hydrogeologist
baDcC4DeefD8dEB,Dave,Farrell,Male,nmccann@example.net,7633075755,10/6/18,Lawyer
8e4FB470FE19bF0,Isaiah,Downs,Male,virginiaterrell@example.org,8186664016,9/20/64,"Engineer, site"
BF0BbA03C29Bb3b,Sheila,Ross,Female,huangcathy@example.com,2147931666,3/20/08,Advertising account executive
F738c69fB34E62E,Stacy,Newton,Male,rayleroy@example.org,2818082308,10/20/80,Warden/ranger
C03fDADdAadAdCe,Mandy,Blake,Male,jefferynoble@example.org,2765559581,12/8/07,"Scientist, clinical (histocompatibility and immunogenetics)"
b759b74BD1dE80d,Bridget,Nash,Female,mercedes44@example.com,2046542858,6/28/04,Social worker
1F0B7D65A00DAF9,Crystal,Farmer,Male,pmiranda@example.org,9414673194,3/9/92,Agricultural consultant
50Bb061cB30B461,Thomas,Knight,Female,braunpriscilla@example.net,8034862467,2/18/06,Sport and exercise psychologist
D6dbA5308fEC4BC,Maurice,Rangel,Male,sheenabanks@example.com,7082926194,8/20/04,Secretary/administrator
311D775990f066d,Frank,Meadows,Male,gbrewer@example.org,7864050898,9/16/08,Audiological scientist
7F7E1BAcb0C9AFf,Alvin,Paul,Male,gilbertdonaldson@example.com,8327927260,5/12/49,"Teacher, adult education"
88473e15D5c3cD0,Jared,Mitchell,Female,jcortez@example.com,8572406699,1/18/21,Paediatric nurse
b31D271F8c200AB,Jacqueline,Norton,Female,carias@example.net,7792039988,10/9/52,"Scientist, marine"
42F4BdA841aBadC,Colleen,Hatfield,Female,fknox@example.org,2018579080,10/14/49,Commercial horticulturist
cBbBcA0FCA3C4Bc,Randy,Barnes,Male,huangbill@example.org,7572969814,12/30/47,Outdoor activities/education manager
f1f89173353aD90,Janice,Rhodes,Female,juarezdominique@example.net,3092785655,11/1/99,Drilling engineer
c5B09fb33e8bA0A,Alfred,Mcneil,Female,cassandramorris@example.com,7812511011,5/28/93,Systems analyst
c9F2282C40BEC1E,Sean,Levine,Male,sallymiller@example.net,5309214207,10/9/10,"Conservation officer, nature"
9c1bc7EC53Fb7cE,Louis,Payne,Male,bsullivan@example.net,6178619130,1/29/16,Counsellor
ddEc50e2A2e3a2B,Brittney,Vega,Female,ayalajose@example.net,6101975780,10/31/32,Recycling officer
66F096D36Ebae11,Judy,Buckley,Male,irosales@example.net,4044917274,7/28/63,Art gallery manager
F0fE2faAd78F8b5,Norman,Weber,Male,mconrad@example.com,3073086953,5/21/57,Gaffer
5d2feAfbdCAA6B5,Isaiah,Camacho,Female,jimblake@example.org,3608432006,4/7/66,Food technologist
cDa5F303fCd6dEa,Jacqueline,Gallagher,Male,nsampson@example.net,5084859960,2/25/99,Building services engineer
8Ef7DBfcaB02b6B,Bonnie,Andrews,Female,caitlin24@example.net,3058232345,12/21/53,Seismic interpreter
6Dec5b5542F8ed8,Brandon,Schmidt,Female,mconley@example.net,5705952777,5/12/31,"Engineer, biomedical"
3Fb8a7f68e12784,Jackson,Sparks,Female,reynoldsdarryl@example.net,2068233345,11/18/80,Set designer
035eff50B9A0F24,Melody,Cook,Male,jeannovak@example.org,7186873174,6/25/63,Research scientist (life sciences)
aa614aAE4B7Cf0C,Leonard,Hurst,Male,clinton78@example.org,5022420892,3/13/38,"Accountant, chartered management"
ACcde95AAe3e6cC,Gene,Rich,Female,luisdeleon@example.org,8442052138,8/22/46,"Surveyor, quantity"
b6a35de5CB6fc25,Cynthia,Wiggins,Female,rosariodave@example.org,8143130292,1/27/84,Outdoor activities/education manager
e92A191E345fA3A,Tanya,Mckinney,Female,vickihouston@example.com,2018579080,3/12/03,Information systems manager
7D0AcBF6CCac3fd,Matthew,Stone,Female,evelyn31@example.org,7142414540,8/23/17,"Scientist, clinical (histocompatibility and immunogenetics)"
CEFA7BBCef013AE,Kirk,Walsh,Female,stephenfuller@example.org,4842979311,4/8/09,Accounting technician
9edBC94aE7cA22a,Willie,Vang,Female,haleymathews@example.net,2155900119,2/2/78,Management consultant
fFe7BAA737aDbe2,Miguel,Hill,Female,tyrone56@example.org,2163232314,8/26/30,Make
5F2f3fAca8B0946,Darren,Andrews,Male,lhernandez@example.com,5154148816,10/4/97,Retail banker
6bFcfc3cc1BC6B4,Haley,Pugh,Female,molly03@example.org,2163232314,9/16/80,Commissioning editor
f3BD2cBF7eEb6df,Danielle,Estrada,Female,jvang@example.org,4012621428,7/9/30,"Accountant, chartered management"
Ee4eB129dC7913A,Becky,Brady,Male,erikmueller@example.org,3202075633,6/27/57,Seismic interpreter
dBCEf340C3657Eb,Caitlyn,Frey,Male,rivasdominique@example.org,5616657794,1/26/68,Jewellery designer
E47FB71DD9ACCd9,Joshua,Sweeney,Male,daisymcgee@example.net,3479267311,7/28/54,"Education officer, museum"
eA3fDd79BE9f0E7,Heidi,Escobar,Female,staffordtravis@example.net,2817100042,9/25/31,Estate manager/land agent
aF0eE4547Bc025c,Brian,Oconnell,Female,saralong@example.net,3475181701,10/23/11,Physiotherapist
9F5DeD7aD228F5a,Beverly,Esparza,Female,iphelps@example.net,6107434769,12/9/30,Passenger transport manager
D3Fa0220dDE4d36,Nathaniel,Rivas,Female,roberto29@example.com,7204990868,11/17/08,Call centre manager
60FdBFd5e7BE8fF,Debra,Payne,Female,yolanda07@example.org,5166354085,8/20/27,Special educational needs teacher
D8bF5Ab2b98caff,Mackenzie,Rocha,Female,abbottyvette@example.net,3122914832,10/21/80,Museum/gallery exhibitions officer
CD8d33aA25bc8BB,Courtney,Watkins,Female,ochang@example.org,2068233346,12/7/03,Pension scheme manager
Fac3BfFf0A3d03c,Fred,Olsen,Female,amyanderson@example.com,2124659832,4/10/10,Archaeologist
e552D7ddafe1FFb,Ryan,Nelson,Female,qnorman@example.org,5203321567,5/2/24,Historic buildings inspector/conservation officer
0f8deedb629A5f6,Grace,Phelps,Male,clarkeangela@example.net,9793166012,10/15/09,Petroleum engineer
bB9e49E506F65ed,Shari,Daugherty,Male,kalvarado@example.org,7792039988,11/24/44,Curator
Ed724605A403D91,Kelli,Garner,Male,jodyvincent@example.org,2124659832,1/17/10,Retail banker
0aBE5ACb18E0c10,Jackie,Bennett,Male,hutchinsonkirk@example.com,6107433242,11/11/15,Neurosurgeon
5D2cb63CaAF53f6,Leslie,Conway,Female,floreschristina@example.org,3059163490,11/6/83,Chiropractor
Ee6974f90eeCe18,Harold,Barnett,Female,nathan65@example.org,2012858120,3/15/43,"Biochemist, clinical"
cEf02C076afa07f,Larry,Harper,Male,maria32@example.org,2018579080,5/5/21,"Scientist, water quality"
9Df5Ba591bF3EFf,Mike,Ward,Female,imccullough@example.com,3174351937,11/9/67,Hydrologist
3faB1CBfEFBDdD4,Brittney,Rubio,Female,corey92@example.com,2137617935,12/24/59,"Biochemist, clinical"
Ebcefdf75eCb0a9,Frank,Pineda,Male,daltoncalvin@example.net,3012199872,3/10/26,Hospital pharmacist
e75e5DBfcb68887,Sandra,Wu,Male,ubanks@example.com,5303895543,4/28/25,Warehouse manager
6a53a8D41dDF6de,Ryan,Benton,Male,lopezdebbie@example.org,8668207065,10/6/20,Physiological scientist
F0d3bD1aaf9E3Bc,Tamara,Hull,Male,meagan39@example.net,6207845952,1/31/33,English as a second language teacher
5bC87340799FBD0,Jean,Ritter,Female,kristina76@example.com,2532715525,8/6/85,Financial trader
dBfA17Aaf16b4ab,Veronica,Briggs,Female,weissbridget@example.com,9546884664,6/8/74,Structural engineer
c935b7Eb6FA0B0F,Kim,Andrews,Female,wpetersen@example.org,9013007443,11/15/90,"Biochemist, clinical"
b3e15e65Ca2CcBf,Tina,Cunningham,Male,wongmary@example.org,3052035347,11/29/56,Race relations officer
dade3452F0c32FD,Jonathon,Atkinson,Male,gailfrench@example.net,4042207215,7/19/11,"Psychologist, forensic"
AdEd6cfD85DeC46,Jermaine,Reid,Female,vpaul@example.com,8582777503,8/18/74,Newspaper journalist
DAf111987098ae4,Regina,Stevens,Male,xpoole@example.net,4076028902,11/28/11,Public house manager
6e6a5b885F6496d,Terrence,Huff,Male,cassandra80@example.org,7742046255,2/27/44,Careers information officer
12DCb4ED8E01D5C,Tyler,Foley,Female,johnathan72@example.org,5127175666,9/19/08,Economist
E1cB5cA8CA7CC0a,Andrew,Waters,Male,nhall@example.net,2532715525,5/14/48,Jewellery designer
AedDfaE8Cf49F07,Reginald,Stephenson,Male,erikaball@example.net,3237293077,2/8/10,Contracting civil engineer
bff9853aFAeF772,Douglas,Reese,Female,nixonvanessa@example.net,3852491350,11/11/61,Higher education lecturer
E883773cA5219Be,Helen,Williamson,Female,melvin08@example.net,7036628905,8/11/11,"Lecturer, further education"
CB19EafEbBfF9eC,Mario,Vaughn,Male,oblake@example.com,9173640839,7/8/90,Research scientist (life sciences)
5834700fbEd2771,Chelsea,Dickson,Male,johnnyhendricks@example.net,5593830577,5/13/58,"Teacher, early years/pre"
2b0Ab1Dc9E01D7E,Dustin,Bailey,Male,pbarron@example.net,8012280210,8/22/08,Travel agency manager
3f3a3D89ad042Dd,Harry,Medina,Female,olsenmalik@example.net,9523171848,8/24/47,Technical sales engineer
9425E2F38C408ef,Kathy,Haney,Female,teresa37@example.com,5122199194,9/2/55,Charity fundraiser
F0aeC9c2759F3C6,Alison,Nixon,Female,zmiles@example.net,8777782578,7/10/41,Patent attorney
d6EA619A7C4aA95,Jamie,Hardy,Female,sheenadouglas@example.com,3475181701,7/17/94,"Conservator, furniture"
2A33E7Cad1bb0F5,Melody,Cox,Female,evan90@example.org,3053584856,7/30/74,Dance movement psychotherapist
d181FFB7d3E68bb,Xavier,Cole,Male,nicolas90@example.org,6465890698,11/29/38,Financial planner
feaBf8dAE0C0d6F,Dillon,Guzman,Female,angelanavarro@example.net,3012746016,4/1/42,Air broker
5eFda7caAeB260E,Dennis,Barnes,Female,bmartin@example.org,9532324956,7/30/54,Software engineer
CCbFce93d3720bE,Steve,Patterson,Female,latasha46@example.net,3032505238,4/29/32,Barrister
2fEc528aFAF0b69,Wesley,Bray,Male,regina11@example.org,2622069238,12/28/94,Police officer
Adc7ad9B6e4A1Fe,Summer,Oconnell,Female,alexiscantrell@example.org,3125099187,4/12/12,Broadcast journalist
b8D0aD3490FC7e1,Mariah,Bernard,Male,pcopeland@example.org,2163232314,11/15/16,IT sales professional